Variantes (Title),N1 Perfil,N2 Especialidad
Ruby,Desarrollador,Backend
Desarrollador JAVA,Desarrollador,Backend
Desarrolladores Java,Desarrollador,Backend
Desarrollador/a NET,Desarrollador,Backend
Desarrollador .NET,Desarrollador,Backend
Desarrolladores .NET,Desarrollador,Backend
Desarrollador python,Desarrollador,Backend
Desarrollador/a Python,Desarrollador,Backend
Java Developer,Desarrollador,Backend
Desarrollador Nodejs,Desarrollador,Backend
ingeniero en automatización,Desarrollador,RPA
Programador .NET,Desarrollador,Backend
Visual.Net,Desarrollador,Backend
Net Core,Desarrollador,Backend
C++,Desarrollador,Backend
Back-end,Desarrollador,Backend
Backend,Desarrollador,Backend
C#,Desarrollador,Backend
Back end,Desarrollador,Backend
Cobol,Desarrollador,Backend
Developer Node Js,Desarrollador,Backend
spring,Desarrollador,Backend
php,Desarrollador,Backend
Desarrollador/a PHP,Desarrollador,Backend
Desarrollador@ Backend,Desarrollador,Backend
Magento/php,Desarrollador,Backend
Administrador de bases de datos,Desarrollador,Base de datos
Desarrollador de Base de Datos,Desarrollador,Base de datos
Base De Datos Oracle,Desarrollador,Base de datos
Oracle,Desarrollador,Base de datos
DBA,Desarrollador,Base de datos
Ingeniero/a de sistemas y base de datos,Desarrollador,Base de datos
Ingeniero en Ciencia de datos,Desarrollador,Base de datos
Ingeniero de sistemas / Programador Base de Datos,Desarrollador,Base de datos
Gestor de Base de Datos,Desarrollador,Base de datos
Informix,Desarrollador,Base de datos
sql server,Desarrollador,Base de datos
postgresql,Desarrollador,Base de datos
base de datos,Desarrollador,Base de datos
bases de datos,Desarrollador,Base de datos
Administrador Oracle,Desarrollador,Base de datos
DISEÑADOR(A) PAGINA WEB,Diseñador,Diseñador UX
Desarrollador Android,Desarrollador,Mobile
Desarrollador/a IOS,Desarrollador,Mobile
Desarrollador Middle iOS,Desarrollador,Mobile
aplicaciones móviles,Desarrollador,Mobile
aplicaciones moviles,Desarrollador,Mobile
Apps Móviles,Desarrollador,Mobile
Apps Mooviles,Desarrollador,Mobile
Developer iOS Swift,Desarrollador,Mobile
desarrollador movil,Desarrollador,Mobile
android,Desarrollador,Mobile
IOS,Desarrollador,Mobile
analista de mercado,Especialista,Analisis de Datos
Desarrollador front end,Desarrollador,Frontend Web
Desarrollador/a frontend,Desarrollador,Frontend Web
Programador Web,Desarrollador,Frontend Web
Desarrollador/a Front End,Desarrollador,Frontend Web
Front End Developer,Desarrollador,Frontend Web
Developer Front End,Desarrollador,Frontend Web
Desarrollador Aem,Desarrollador,Frontend Web
Desarrollador Frontend,Desarrollador,Frontend Web
Frontend React,Desarrollador,Frontend Web
Desarrollador React,Desarrollador,Frontend Web
Sitios Web,Desarrollador,Frontend Web
Frontend,Desarrollador,Frontend Web
Developer Angular,Desarrollador,Frontend Web
Developer Frontend,Desarrollador,Frontend Web
desarrollador web,Desarrollador,Frontend Web
aplicaciones web,Desarrollador,Frontend Web
Analista Diseño Web,Desarrollador,Frontend Web
Angular Developer,Desarrollador,Frontend Web
FullStack Developer,Desarrollador,Full Stack
fullstack java developer,Desarrollador,Full Stack
Desarrollador Full Stack,Desarrollador,Full Stack
Full-Stack Developer,Desarrollador,Full Stack
Full Stack Developer,Desarrollador,Full Stack
Fullstack Engineer,Desarrollador,Full Stack
Full Stack Junior Developer,Desarrollador,Full Stack
Desarrollador Full-Stack,Desarrollador,Full Stack
Full Stack,Desarrollador,Full Stack
Full-stack,Desarrollador,Full Stack
Developer web full stack,Desarrollador,Full Stack
Desarrollador@ Full Stack,Desarrollador,Full Stack
Desarrolladores fullstack,Desarrollador,Full Stack
analista programador,Desarrollador,Full Stack
desarrollador/a,Desarrollador,Full Stack
Analista/Desarrollador,Desarrollador,Full Stack
Ingeniería De Software,Desarrollador,Full Stack
Ingenieria De Software,Desarrollador,Full Stack
programación y desarrollo,Desarrollador,Full Stack
Robots,Desarrollador,IoT
PLC,Desarrollador,IoT
IoT,Desarrollador,IoT
Desarrollo de Software,Desarrollador,Integración
analista de software,Desarrollador,Integración
ANALISTA EN PROGRAMACIÓN,Desarrollador,Integración
Associate Programmer,Desarrollador,Integración
Consultor de Integración Ibm,Desarrollador,Integración
Consultor en Implementación y Sistemas Integrados,Desarrollador,Integración
Implementación ERP,Desarrollador,Integración
Arquitecto de Software,Desarrollador,Arquitecto de Software
Arquitecto Software,Desarrollador,Arquitecto de Software
Arquitecto de Desarrollo,Desarrollador,Arquitecto de Software
Arquitecto Java,Desarrollador,Arquitecto de Software
Arquitecto Jr,Desarrollador,Arquitecto de Software
Arquitecto Junior,Desarrollador,Arquitecto de Software
Arquitecto/a,Desarrollador,Arquitecto de Software
Desarrollador Videojuegos,Desarrollador,Videojuegos
Profesor de Diseño de Videojuegos,Docente,Videojuegos
Programador de Videojuegos,Desarrollador,Videojuegos
,,
,,
,,
,,
,,
ingeniero en automatizacion,Desarrollador,RPA
data science,Desarrollador,Data Science
Cientifico de Datos,Desarrollador,Data Science
Datascience,Desarrollador,Data Science
datascientist,Desarrollador,Data Science
Ingeniero de Datos,Desarrollador,Data Engineer
Big Data,Desarrollador,Data Engineer
Pyspark,Desarrollador,Data Engineer
spark,Desarrollador,Data Engineer
Machine Learning,Desarrollador,Machine Learning & IA
Desarrollo en Inteligencia Artificial,Desarrollador,Machine Learning & IA
DevOps Engineer,Devops,SRE (Software Release Engineer)
Líder DevOps Cloud,Devops,SRE (Software Release Engineer)
Ingeniero DevSecOps (Azure DevOps),Devops,SRE (Software Release Engineer)
DevOps Architect,Devops,SRE (Software Release Engineer)
DevOps-Backend,Devops,SRE (Software Release Engineer)
Azure DevOps,Devops,SRE (Software Release Engineer)
cloud developer,Devops,SRE (Software Release Engineer)
devops,Devops,SRE (Software Release Engineer)
Docente Diseño Grafico,Docente,
Docente Diseño Gráfico,Docente,
Diseñador gráfico,Diseñador,Diseñador Gráfico
Diseñador/a gráfico/a,Diseñador,Diseñador Gráfico
Diseñador Grafico Web,Diseñador,Diseñador UX
Diseñador / Programador Web,Diseñador,Diseñador UX
,,
,,
Diseñadora Grafica,Diseñador,Diseñador Gráfico
Diseñadora Gráfica,Diseñador,Diseñador Gráfico
Diseñador y desarrollador web,Diseñador,Diseñador UX
Diseñador(a) Grafico,Diseñador,Diseñador UX
Diseñador(a) Web,Diseñador,Diseñador UX
Diseñador Ux,Diseñador,Diseñador UX
Diseño Digital,Diseñador,Diseñador Gráfico
diseño grafico,Diseñador,Diseñador Gráfico
diseño gráfico,Diseñador,Diseñador Gráfico
Diseñador web,Diseñador,Diseñador UX
Dise/ador Web,Diseñador,Diseñador UX
diseño web,Diseñador,Diseñador UX
designer ux/ui,Diseñador,Diseñador UX
Diseñador de Servicios y Ux,Diseñador,Diseñador UX
Diseñador de producto UI / UX Software,Diseñador,Diseñador UX
Diseñador de Interfaz de Usuario (UI) y Experiencia de Usuario (UX),Diseñador,Diseñador UX
Diseñador de experiencias de usuario,Diseñador,Diseñador UX
Diseñador Ux-Ui,Diseñador,Diseñador UX
Analista Diseño Ui/ux,Diseñador,Diseñador UX
ANALISTA EXPERIENCIA DE USUARIO (UX),Diseñador,Diseñador UX
GCP DevOps,Infraestructura,Infraestructura cloud
Infrastructure​,Infraestructura,Infraestructura cloud
Especialista Cloud,Infraestructura,Infraestructura cloud
Desarrollador de la nube,Infraestructura,Infraestructura cloud
Especialista de Infraestructura (Redes en la nube AWS y Azure),Infraestructura,Infraestructura cloud
aws,Infraestructura,Infraestructura cloud
infraestructura Cloud,Infraestructura,Infraestructura cloud
Administrador De Sistemas,Infraestructura,Mantenimiento y Soporte
Ingeniero de Infraestructura y seguridad informatica,Infraestructura,Seguridad
Ciberseguridad,Infraestructura,Seguridad
Antivirus,Infraestructura,Seguridad
seguridad informática,Infraestructura,Seguridad
seguridad informatica,Infraestructura,Seguridad
Ingeniero de Producto Ciberseguridad,Infraestructura,Seguridad
analista de seguridad,Infraestructura,Seguridad
Lider SOC,Infraestructura,Seguridad
Centro de Operaciones de Seguridad,Infraestructura,Seguridad
SOC/NO,Infraestructura,Seguridad
SOC,Infraestructura,Seguridad
analista seguridad,Infraestructura,Seguridad
Arquitecto de Ciberseguridad,Infraestructura,Seguridad
seguridad electrónica,Infraestructura,Seguridad
seguridad electronica,Infraestructura,Seguridad
Pruebas de Penetración,Infraestructura,Seguridad
consultor de seguridad,Infraestructura,Seguridad
Ethical Hacking,Infraestructura,Seguridad
consultor seguridad,Infraestructura,Seguridad
analistas de sistemas,Infraestructura,Mantenimiento y Soporte
Analista de Sistemas,Infraestructura,Mantenimiento y Soporte
Analista de Sistemas TI,Infraestructura,Mantenimiento y Soporte
Analista de Soporte de Infraestructura,Infraestructura,Mantenimiento y Soporte
INGENIERO DE SOPORTE DE ADMINISTRACIÓN DE INFRAESTRUCTURA,Infraestructura,Mantenimiento y Soporte
Ingeniero en Sistemas,Infraestructura,Mantenimiento y Soporte
Analista Sistemas Informáticos Aplicaciones,Infraestructura,Mantenimiento y Soporte
Técnico en instalación y mantenimiento de redes,Infraestructura,Redes y Comunicaciones
Técnico en Sistemas,Infraestructura,Mantenimiento y Soporte
Mesa de ayuda,Infraestructura,Mantenimiento y Soporte
Gestor de Monitoreo,Infraestructura,Mantenimiento y Soporte
Ing. de Soporte Técnico,Infraestructura,Mantenimiento y Soporte
Coordinador de Infraestructura y Soporte Técnico,Infraestructura,Mantenimiento y Soporte
Especialista en Soporte de Infraestructura IT,Infraestructura,Mantenimiento y Soporte
Especialista en Soporte de Infraestructura TI,Infraestructura,Mantenimiento y Soporte
Soporte de sistemas informáticos,Infraestructura,Mantenimiento y Soporte
soporte técnico,Infraestructura,Mantenimiento y Soporte
soporte tecnico,Infraestructura,Mantenimiento y Soporte
Técnico de soporte,Infraestructura,Mantenimiento y Soporte
Consultor Pos Ti,Infraestructura,Mantenimiento y Soporte
Analista de Sistemas Informáticos,Infraestructura,Mantenimiento y Soporte
técnico en Infraestructura,Infraestructura,Mantenimiento y Soporte
Auxiliar Sistemas Informáticos,Infraestructura,Mantenimiento y Soporte
Tecnico De Sistemas,Infraestructura,Mantenimiento y Soporte
Técnico De Sistemas,Infraestructura,Mantenimiento y Soporte
Tecnico en Sistemas,Infraestructura,Mantenimiento y Soporte
Sistemas informáticos,Infraestructura,Mantenimiento y Soporte
Sistemas informaticos,Infraestructura,Mantenimiento y Soporte
tecnico soporte,Infraestructura,Mantenimiento y Soporte
técnico soporte,Infraestructura,Mantenimiento y Soporte
técnico en Sistemas computacionales,Infraestructura,Mantenimiento y Soporte
tecnico en Sistemas computacionales,Infraestructura,Mantenimiento y Soporte
Ingeniero Informática,Infraestructura,Mantenimiento y Soporte
Técnico Informático,Infraestructura,Mantenimiento y Soporte
Tecnico Informatico,Infraestructura,Mantenimiento y Soporte
Tecnico Informático,Infraestructura,Mantenimiento y Soporte
Técnico Informatico,Infraestructura,Mantenimiento y Soporte
Profesional de Soporte,Infraestructura,Mantenimiento y Soporte
ADMINISTRADOR DE INFORMATICA,Infraestructura,Mantenimiento y Soporte
Agente de Service Desk,Infraestructura,Mantenimiento y Soporte
Service Desk,Infraestructura,Mantenimiento y Soporte
Soporte Informático,Infraestructura,Mantenimiento y Soporte
helpdesk,Infraestructura,Mantenimiento y Soporte
analista de informática,Infraestructura,Mantenimiento y Soporte
analista de informatica,Infraestructura,Mantenimiento y Soporte
mesa de servicio,Infraestructura,Mantenimiento y Soporte
Analista de sistema área servicios,Infraestructura,Mantenimiento y Soporte
analista de soporte,Infraestructura,Mantenimiento y Soporte
Analista en Informatica,Infraestructura,Mantenimiento y Soporte
help desk,Infraestructura,Mantenimiento y Soporte
analista informático,Infraestructura,Mantenimiento y Soporte
analista informatico,Infraestructura,Mantenimiento y Soporte
analista soporte,Infraestructura,Mantenimiento y Soporte
tecnólogo en Sistemas,Infraestructura,Mantenimiento y Soporte
técnico sistemas,Infraestructura,Mantenimiento y Soporte
Asesor de Soporte,Infraestructura,Mantenimiento y Soporte
asistente de soporte,Infraestructura,Mantenimiento y Soporte
asistente técnico,Infraestructura,Mantenimiento y Soporte
asistente tecnico,Infraestructura,Mantenimiento y Soporte
asistente ti,Infraestructura,Mantenimiento y Soporte
Soporte Usuarios,Infraestructura,Mantenimiento y Soporte
Mantenimiento Infraestructura,Infraestructura,Mantenimiento y Soporte
Auxiliar de sistemas,Infraestructura,Mantenimiento y Soporte
de soporte,Infraestructura,Mantenimiento y Soporte
auxiliar de técnico,Infraestructura,Mantenimiento y Soporte
auxiliar de tecnico,Infraestructura,Mantenimiento y Soporte
Auxiliar de tecnología,Infraestructura,Mantenimiento y Soporte
Auxiliar de tecnologia,Infraestructura,Mantenimiento y Soporte
mantenimiento en sistemas,Infraestructura,Mantenimiento y Soporte
auxiliar en sistemas,Infraestructura,Mantenimiento y Soporte
auxiliar TI,Infraestructura,Mantenimiento y Soporte
AUXILIARES DE TÉCNICOS,Infraestructura,Mantenimiento y Soporte
"Auxiliares, Tecnicos",Infraestructura,Mantenimiento y Soporte
"Auxiliares, Técnicos",Infraestructura,Mantenimiento y Soporte
ingenieros informáticos,Infraestructura,Mantenimiento y Soporte
ingenieros informaticos,Infraestructura,Mantenimiento y Soporte
sistemas e informática,Infraestructura,Mantenimiento y Soporte
Coordinador(a) Soporte IT,Infraestructura,Mantenimiento y Soporte
consultor de servicio,Infraestructura,Mantenimiento y Soporte
servicio técnico,Infraestructura,Mantenimiento y Soporte
Coordinador de Soporte,Infraestructura,Mantenimiento y Soporte
ANALISTA IMPLEMENTACIÓN SISTEMAS,Infraestructura,Servidores y aplicaciones
analista en sistemas,Infraestructura,Servidores y aplicaciones
Analista de Disponibilidad,Infraestructura,Servidores y aplicaciones
Analista de Servidores,Infraestructura,Servidores y aplicaciones
datacenter,Infraestructura,Servidores y aplicaciones
Analista de Datacenter,Infraestructura,Servidores y aplicaciones
Control de Accesos,Infraestructura,Servidores y aplicaciones
Sistemas de información,Infraestructura,Servidores y aplicaciones
ANALISTA  DE CONTINUIDAD DE NEGOCIO,Infraestructura,Servidores y aplicaciones
Administrador de Plataformas,Infraestructura,Servidores y aplicaciones
Administrador/a TI - Sistemas,Infraestructura,Servidores y aplicaciones
Administrador/a Linux,Infraestructura,Servidores y aplicaciones
Administrador de Plataforma,Infraestructura,Servidores y aplicaciones
Administrador/a de Plataforma,Infraestructura,Servidores y aplicaciones
Windows Server,Infraestructura,Servidores y aplicaciones
Administrador Windows Sccm,Infraestructura,Servidores y aplicaciones
Administrador Vmware/Linux,Infraestructura,Servidores y aplicaciones
Administrador Vmware,Infraestructura,Servidores y aplicaciones
Administrador Unix/Linux,Infraestructura,Servidores y aplicaciones
Sistemas Linux,Infraestructura,Servidores y aplicaciones
Administrador salesfoce,Infraestructura,Servidores y aplicaciones
Administrador plataforma linux,Infraestructura,Servidores y aplicaciones
Administrador Operativo,Infraestructura,Servidores y aplicaciones
Administrador Kubernetes,Infraestructura,Servidores y aplicaciones
Administrador de Software,Infraestructura,Servidores y aplicaciones
Administrador de sistemas,Infraestructura,Servidores y aplicaciones
Administrador de sistema,Infraestructura,Servidores y aplicaciones
Administrador de Servidores,Infraestructura,Servidores y aplicaciones
Administrador de Servidor,Infraestructura,Servidores y aplicaciones
Administrador de Infraestructura,Infraestructura,Servidores y aplicaciones
Administrador de Infraestructura de IT,Infraestructura,Servidores y aplicaciones
Servidores Linux,Infraestructura,Servidores y aplicaciones
Analista de Sistemas,Infraestructura,Servidores y aplicaciones
Ingeniero de Infraestructura,Infraestructura,Servidores y aplicaciones
Especialista en infraestructura windows,Infraestructura,Servidores y aplicaciones
Administrador Linux,Infraestructura,Servidores y aplicaciones
Especialista en Linux,Infraestructura,Servidores y aplicaciones
Consultor de Implementación,Infraestructura,Servidores y aplicaciones
Consultor de Infraestructura,Infraestructura,Servidores y aplicaciones
Consultor de Operaciones,Infraestructura,Servidores y aplicaciones
Microsoft Exchange Server,Infraestructura,Servidores y aplicaciones
sharepoint,Infraestructura,Servidores y aplicaciones
INFRAESTRUCTURA Y SOPORTE,Infraestructura,Servidores y aplicaciones
Operaciones Ti,Infraestructura,Servidores y aplicaciones
Especialista En Infraestructura Y Redes,Infraestructura,Redes y Comunicaciones
Especialista en Redes e Infraestructura,Infraestructura,Redes y Comunicaciones
Técnico en redes,Infraestructura,Redes y Comunicaciones
tecnico en redes,Infraestructura,Redes y Comunicaciones
Técnico en Telecomunicaciones,Infraestructura,Redes y Comunicaciones
Redes y Telecomunicaciones,Infraestructura,Redes y Comunicaciones
Ingeniero en telecomunicaciones,Infraestructura,Redes y Comunicaciones
telecomunicaciones,Infraestructura,Redes y Comunicaciones
Técnico Comunicaciones,Infraestructura,Redes y Comunicaciones
Tecnico Comunicaciones,Infraestructura,Redes y Comunicaciones
Técnico en Construcción de Redes,Infraestructura,Redes y Comunicaciones
Técnico de Redes,Infraestructura,Redes y Comunicaciones
Tecnico de Redes,Infraestructura,Redes y Comunicaciones
Soporte de redes,Infraestructura,Redes y Comunicaciones
Administrador de Aplicaciones,Infraestructura,Servidores y aplicaciones
ADMINISTRADOR DE REDES,Infraestructura,Redes y Comunicaciones
Analista de infraestructura en redes,Infraestructura,Redes y Comunicaciones
analista de redes,Infraestructura,Redes y Comunicaciones
Redes de Voz y Datos,Infraestructura,Redes y Comunicaciones
mantenimiento de redes,Infraestructura,Redes y Comunicaciones
redes de fibra,Infraestructura,Redes y Comunicaciones
fibra óptica,Infraestructura,Redes y Comunicaciones
fibra optica,Infraestructura,Redes y Comunicaciones
red móvil,Infraestructura,Redes y Comunicaciones
red movil,Infraestructura,Redes y Comunicaciones
telefonia IP,Infraestructura,Redes y Comunicaciones
telefonía IP,Infraestructura,Redes y Comunicaciones
asistente de comunicaciones,Infraestructura,Redes y Comunicaciones
Arquitecto Cloud,Infraestructura,Arquitecto Cloud
Arquitecto Aws Jr,Infraestructura,Arquitecto Cloud
Arquitecto Cloud Aws Senior,Infraestructura,Arquitecto Cloud
Arquitecto Datos Cloud Gcp Senior,Infraestructura,Arquitecto Cloud
Arquitecto de Aplicaciones,Infraestructura,Arquitecto Cloud
arquitecto TI de aplicaciones,Infraestructura,Arquitecto Cloud
Analista Qa,Quality Assurance,Tester funcional
Analista funcional / QA,Quality Assurance,Tester funcional
Ingeniero de calidad,Quality Assurance,Tester funcional
Automation QA Engineer,Quality Assurance,Tester funcional
QA Tester,Quality Assurance,Tester funcional
QA Tester/analyst,Quality Assurance,Tester funcional
analista de pruebas,Quality Assurance,Tester funcional
tester qa,Quality Assurance,Tester funcional
Desarrollador de Software,Desarrollador,Integración
analista programador,Desarrollador,Integración
analista programador/a,Desarrollador,Integración
ANALISTA DE INTEGRACION,Desarrollador,Integración
Líder de proyecto,Gestión Operativa,Gerente de Proyectos
Lider de proyecto,Gestión Operativa,Gerente de Proyectos
Project Manager,Gestión Operativa,Gerente de Proyectos
Jefe de proyectos,Gestión Operativa,Gerente de Proyectos
Jefe de proyecto,Gestión Operativa,Gerente de Proyectos
Analista de Proyectos,Gestión Operativa,Analista de Proyectos
Analista Funcional Proyectos TI,Gestión Operativa,Analista de Proyectos
,,
Consultor/a de proyectos,Gestión Operativa,Analista de Proyectos
Consultor En Sistemas De Gestión Coordinador,Gestión Operativa,Coordinador
Gestión Coordinador,Gestión Operativa,Coordinador
Capacitador(a) Técnico,Gestión Operativa,Coordinador
COORDINADOR (A) DE INNOVACION,Gestión Operativa,Coordinador
Coordinador (a) de Innovación,Gestión Operativa,Coordinador
Coordinador de Desarrollo,Gestión Operativa,Coordinador
Coordinador de Desarrollos,Gestión Operativa,Coordinador
Coordinador de Proyectos,Gestión Operativa,Coordinador
Coordinador de Proyecto,Gestión Operativa,Coordinador
coordinador de servicio TI,Gestión Operativa,Coordinador
Coordinador de Software,Gestión Operativa,Coordinador
Coordinador para la carrera,Gestión Operativa,Coordinador
coordinador,Gestión Operativa,Coordinador
Coordinador/a,Gestión Operativa,Coordinador
Analista de Control de Gestión TI,Gestión Operativa,Analista TI
Analista De Control Interno,Gestión Operativa,Analista TI
Analista de gestión de información,Gestión Operativa,Analista TI
Analista de Información,Gestión Operativa,Analista TI
Analista de Informacion,Gestión Operativa,Analista TI
Analista de gestión,Gestión Operativa,Analista TI
Analista de gestion,Gestión Operativa,Analista TI
Analista de sistema de gestión,Gestión Operativa,Analista TI
Analista de sistema de gestion,Gestión Operativa,Analista TI
analista de tecnología,Gestión Operativa,Analista TI
analista de tecnologia,Gestión Operativa,Analista TI
analista de tecnologías,Gestión Operativa,Analista TI
analista de tecnologias,Gestión Operativa,Analista TI
analista de TI,Gestión Operativa,Analista TI
Sistema Integrado de Gestión,Gestión Operativa,Analista TI
analista ti,Gestión Operativa,Analista TI
gestión de datos,Gestión Operativa,Analista TI
gestion de datos,Gestión Operativa,Analista TI
Asistente de IT,Gestión Operativa,Analista TI
Auxiliar de Ingeniería,Gestión Operativa,Analista TI
Auxiliar de Ingeniero,Gestión Operativa,Analista TI
ingeniería de sistemas,Gestión Operativa,Analista TI
ingenieria de sistemas,Gestión Operativa,Analista TI
Consultor de Sistema,Gestión Operativa,Analista TI
Consultor de Sistemas,Gestión Operativa,Analista TI
Consultor Funcional de Sistemas,Gestión Operativa,Analista TI
ITIL,Gestión Operativa,Analista TI
Consultor Sistemas,Gestión Operativa,Analista TI
sistema de gestión,Gestión Operativa,Analista TI
sistema de gestion,Gestión Operativa,Analista TI
sistemas de gestión,Gestión Operativa,Analista TI
sistemas de gestion,Gestión Operativa,Analista TI
Arquitecto TI,Gestión Operativa,Arquitecto TI
gestion de calidad,Gestión Operativa,Analista de Calidad
analista de calidad y procesos,Gestión Operativa,Analista de Calidad
analista de calidad,Gestión Operativa,Analista de Calidad
gestión de calidad,Gestión Operativa,Analista de Calidad
consultor de calidad,Gestión Operativa,Analista de Calidad
Consultor de Mejora Continua,Gestión Operativa,Analista de Calidad
Consultor Jr en Calidad,Gestión Operativa,Analista de Calidad
analista de calidad y procesos,Gestión Operativa,Analista de Procesos
Analista de procesos,Gestión Operativa,Analista de Procesos
Control de Procesos,Gestión Operativa,Analista de Procesos
"Analista de Eficiencia y Procesos",Gestión Operativa,Analista de Procesos
Analista de mejora de procesos,Gestión Operativa,Analista de Procesos
Analista de Optimización,Gestión Operativa,Analista de Procesos
Consultor de Procesos,Gestión Operativa,Analista de Procesos
de procesos,Gestión Operativa,Analista de Procesos
ANALISTA DE RIESGO,Gestión Operativa,Analista de Riesgos
Analista de Riesgos,Gestión Operativa,Analista de Riesgos
Arquitecto (a) de Soluciones,Especialista,Arquitecto de Soluciones
Arquitecto de soluciones,Especialista,Arquitecto de Soluciones
Analista De Datos,Especialista,Analisis de Datos
Consultor Bi,Especialista,Analisis de Datos
Business Inteligence,Especialista,Analisis de Datos
ANALISTA DE MERCADEO,Especialista,Analisis de Datos
analista de mercadotecnia,Especialista,Analisis de Datos
Inteligencia Comercial,Especialista,Analisis de Datos
inteligencia de negocio,Especialista,Analisis de Datos
inteligencia de negocios,Especialista,Analisis de Datos
Inteligencia de Mercados,Especialista,Analisis de Datos
Ingeniero en Sistemas y Analista de base de datos,Especialista,Analisis de Datos
Especialista en Procesamiento de Datos,Especialista,Analisis de Datos
Especialista de BI,Especialista,Analisis de Datos
ANALISTA  DE CALIDAD DE DATOS,Especialista,Analisis de Datos
analista calidad de datos,Especialista,Analisis de Datos
calidad de datos,Especialista,Analisis de Datos
Analista de Data,Especialista,Analisis de Datos
analista de negocios,Especialista,Analisis de Datos
Analista de Requisitos de Datos,Especialista,Analisis de Datos
analista digital de datos,Especialista,Analisis de Datos
Entrada De Datos,Especialista,Analisis de Datos
Analista Junior BI,Especialista,Analisis de Datos
Analista BI,Especialista,Analisis de Datos
Analista sistema de Datos,Especialista,Analisis de Datos
Analista y Consultor de Información,Especialista,Analisis de Datos
Analista y Consultor de Informacion,Especialista,Analisis de Datos
asistente de BI,Especialista,Analisis de Datos
tableu,Especialista,Analisis de Datos
consultor data,Especialista,Analisis de Datos
Consultor De Analytics,Especialista,Analisis de Datos
consultor de datos,Especialista,Analisis de Datos
Procesos de Negocio de BI,Especialista,Analisis de Datos
Arquitecto de Datos,Especialista,Arquitecto de Datos
tecnico funcional,Especialista,Analisis Funcional
técnico funcional,Especialista,Analisis Funcional
Analista de Soluciones de Negocio Ti,Especialista,Analisis Funcional
Implementación ERP,Especialista,Analisis Funcional
Analista Funcional,Especialista,Analisis Funcional
Consultor Funcional de Negocios IT,Especialista,Analisis Funcional
consultor funcional,Especialista,Analisis Funcional
Consultor SAP,Especialista,Consultor SAP
Consultor SAP FICO,Especialista,Consultor SAP
Consultor SAP APO/SCM,Especialista,Consultor SAP
Consultor SAP BW/4HANA,Especialista,Consultor SAP
Consultor SAP Ariba,Especialista,Consultor SAP
Consultor SAP FI,Especialista,Consultor SAP
Consultor SAP MM,Especialista,Consultor SAP
Consultor SAP HCM,Especialista,Consultor SAP
Especialista - Técnico SAP,Especialista,Consultor SAP
Especialista - Tecnico SAP,Especialista,Consultor SAP
Especialista de Soporte a Sap,Especialista,Consultor SAP
Técnico mesa de soporte SAP,Especialista,Consultor SAP
Técnico en Soporte Sap,Especialista,Consultor SAP
Basis,Especialista,Consultor SAP
SAP Basis,Especialista,Consultor SAP
Consultor de Sistema Sai ERP,Especialista,Consultor SAP
SAP ABAP DEVELOPER,Especialista,Desarrollador SAP
SAP ABAP,Especialista,Desarrollador SAP
Programador Sap,Especialista,Desarrollador SAP
Programador / Sap,Especialista,Desarrollador SAP
Desarrollador/a Abap,Especialista,Desarrollador SAP
Especialista técnico de SAP,Especialista,Consultor SAP
Ingeniero soporte SAP,Especialista,Desarrollador SAP
Developer SAP,Especialista,Desarrollador SAP
desarrollador SAP business one,Especialista,Desarrollador SAP
Analista Funcional SAP,Especialista,Consultor SAP
Jefe de Aplicaciones Sap,Especialista,Desarrollador SAP
Soporte Sap,Especialista,Consultor SAP
Administrador Sap,Especialista,Consultor SAP
Consultor Jr. SAP,Especialista,Consultor SAP
SAP FI-CO,Especialista,Consultor SAP
Arquitecto de Sistemas SAP,Especialista,Arquitecto de Sistemas SAP
Salesforce,Especialista,Salesforce
Desarrollador Salesforce,Especialista,Salesforce
marketing,Especialista,Marketing
Analista de Marketplace,Especialista,Marketing
merchandising,Especialista,Marketing
mkt,Especialista,Marketing
analista de publicidad y mercadeo,Especialista,Marketing
"Analista de SEO, SEM",Especialista,Marketing
MARKETING DIGITAL,Especialista,Marketing
SEO,Especialista,Marketing
community manager,Especialista,Marketing
Consultor de Marketing,Especialista,Marketing
Commercial Manager,Comercial,Manager
Trainee de negocios,Comercial,Trainee
Desarrollo de Negocio,Comercial,Consultor
Desarrollo de Negocios,Comercial,Consultor
Consultor de Negocios,Comercial,Consultor
Consultor de Negocio,Comercial,Consultor
Consultor comercial,Comercial,Consultor
consultor TI,Comercial,Consultor
consultor TIC,Comercial,Consultor
venta en tecnología,Comercial,Consultor
venta en tecnologia,Comercial,Consultor
Desarrollo e Innovación de Negocios,Comercial,Consultor
Analista de Transformacion Digital,Comercial,Consultor
,,
asesor comercial,Comercial,Consultor
consultoría en ventas,Comercial,Consultor
consultoria en ventas,Comercial,Consultor
ASESOR DE NEGOCIO,Comercial,Consultor
Asesor Técnico Comercial TI,Comercial,Consultor
Asesor/ Consultor en Sistemas,Comercial,Consultor
Consultor Jr. Sistemas,Comercial,Consultor
Consultor de Análisis y Soluciones Ti,Comercial,Consultor
Analista de Ventas (Base de Datos),Comercial,Inside Sales
Asesor O Asesora De Negocios,Comercial,Consultor
Consultor de Desarrollo de Negocios,Comercial,Consultor
Consultor de empresas,Comercial,Consultor
consultor de tecnologia,Comercial,Consultor
consultor de tecnología,Comercial,Consultor
Consultor de TI,Comercial,Consultor
Consultor de Transformación Digital,Comercial,Consultor
consultor de ventas,Comercial,Consultor
Consultor Empresarial,Comercial,Consultor
consultor en tecnología,Comercial,Consultor
consultor en tecnologia,Comercial,Consultor
preventa,Comercial,Consultor
Consultor/a de Ventas,Comercial,Consultor
ANALISTA DE OPERACIONES COMERCIALES,Comercial,Inside Sales
Analista de Operaciones Digitales,Comercial,Inside Sales
Consultor SAAS y soluciones tecnológicas,Comercial,Consultor
Consultor Servicios Tecnológicos,Comercial,Consultor
transformación digital,Comercial,Consultor
vendedores,Comercial,Consultor
Docente en Sistemas Computacionales,Docente,
Docente,Docente,
Profesor,Docente,
técnico en telecomunicaciones,Infraestructura,Redes y Comunicaciones
Administrador de Infraestructura,Infraestructura,Servidores y aplicaciones
administrador de plataformas,Infraestructura,Servidores y aplicaciones
mantenimiento en sistemas,Infraestructura,Mantenimiento y Soporte
Técnico en Sistemas,Infraestructura,Mantenimiento y Soporte
analista de seguridad,Infraestructura,Seguridad
DevOps Engineer,Devops,SRE (Software Release Engineer)
Devops Engineer,Devops,SRE (Software Release Engineer)
cientifico de datos,Desarrollador,Data Science