level_0,level_1,Competencia
0,Competencia,.NET
1,Competencia,.NETCore
1,Clasificación,Framework
1,Tipo de desarrollo,Back-end
1,Asociado a...,C#
2,Competencia,Abstract Factory
2,Clasificación,Patrones de diseño y Arquitectura del software
2,Especificación,Patrón de creación
2,Tipo de desarrollo,Back-end
3,Competencia,Aceptación
3,Roles,QA Tester
3,Clasificación,Testing
3,Especificación,Tipo de testing
4,Competencia,Acknowledgement
4,Clasificación,Patrón de resiliencia
5,Competencia,ActiveMQ
5,Especificación,Broker de mensajería
6,Competencia,Adapter
6,Clasificación,Patrones de diseño y Arquitectura del software
6,Especificación,Patrón estructural
6,Tipo de desarrollo,Back-end
7,Competencia,AdonisJS
7,Clasificación,Framework
7,Tipo de desarrollo,Front-end
7,Asociado a...,TypeScript
8,Competencia,Álgebra
8,Clasificación,Matemáticas
8,Tipo de desarrollo,Back-end
8,Asociado a...,Python
9,Competencia,Algoritmia
9,Cursos,Algoritmos y Estructuras de Datos
9,Clasificación,Matemáticas
9,Tipo de desarrollo,Back-end
9,Asociado a...,Python
10,Competencia,Amazon Simple Queue Service (SQS)
10,Especificación,Broker de mensajería
11,Competencia,Android Debug Database
11,Clasificación,Librería
11,Tipo de desarrollo,Back-end
11,Asociado a...,Kotlin
12,Competencia,Angular
12,Clasificación,Framework
12,Tipo de desarrollo,Front-end
12,Asociado a...,TypeScript
13,Competencia,Angular material
13,Clasificación,Librería Modular
13,Tipo de desarrollo,Front-end
13,Asociado a...,TypeScript
14,Competencia,Angular notifier
14,Clasificación,Librería Modular
14,Tipo de desarrollo,Front-end
14,Asociado a...,TypeScript
15,Competencia,Angular split
15,Clasificación,Librería Modular
15,Tipo de desarrollo,Front-end
15,Asociado a...,TypeScript
16,Competencia,AngularJS
16,Clasificación,Framework
16,Tipo de desarrollo,Front-end
16,Asociado a...,JavaScript
17,Competencia,anime.js
17,Clasificación,Librería
17,Tipo de desarrollo,Front-end
17,Asociado a...,JavaScript
18,Competencia,Anko
18,Clasificación,Librería
18,Tipo de desarrollo,Back-end
18,Asociado a...,Kotlin
19,Competencia,Apache AVRO
19,Especificación,Protocolo de comunicación
20,Competencia,Apache Cassandra
20,Clasificación,Base de Datos
20,Especificación,Base de datos no relacional
20,Tipo de desarrollo,Back-end
20,Asociado a...,SQL
21,Competencia,Apache Commons
21,Clasificación,Librería
21,Tipo de desarrollo,Back-end
21,Asociado a...,Java
22,Competencia,Apache Hadoop
22,Roles,Data Scientist
22,Clasificación,Software
22,Asociado a...,Java
23,Competencia,Apache Mesos
23,Especificación,Plataforma de orquestación de contenedores
24,Competencia,Apache Pulsar
24,Especificación,Broker de mensajería
25,Competencia,API First
25,Clasificación,API
25,Especificación,Marco de trabajo API
26,Competencia,Aplicación Web Progresiva (PWA)
26,Clasificación,Software
26,Tipo de desarrollo,Back-end
27,Competencia,Arrow
27,Clasificación,Librería
27,Tipo de desarrollo,Back-end
27,Asociado a...,Kotlin
28,Competencia,ASP .NET
28,Clasificación,Framework
28,Tipo de desarrollo,Back-end
28,Asociado a...,C#
29,Competencia,AWS
29,Cursos,"Introducción a AWS I,Introducción a AWS II,Introducción a AWS III,MLOps en la nube"
29,Clasificación,Cloud
30,Competencia,AWS SDK
30,Clasificación,Librería
30,Tipo de desarrollo,Back-end
30,Asociado a...,PHP
31,Competencia,Azure
31,Clasificación,Cloud
32,Competencia,Azure DevOps
32,Clasificación,CI/CD
33,Competencia,Backbone.js
33,Clasificación,Framework
33,Tipo de desarrollo,"Back-end,Front-end"
33,Asociado a...,JavaScript
34,Competencia,Bamboo
34,Clasificación,CI/CD
35,Competencia,Batching
35,Clasificación,Patrón de resiliencia
36,Competencia,Beego
36,Clasificación,Framework
36,Tipo de desarrollo,Back-end
36,Asociado a...,Golang
37,Competencia,Bitbucket
37,Clasificación,Controlador de versiones
37,Tipo de desarrollo,"Back-end,Front-end"
38,Competencia,Boilerplate
38,Clasificación,Framework
38,Tipo de desarrollo,Front-end
38,Asociado a...,"HTML,CSS"
39,Competencia,Bokeh
39,Clasificación,Librería
39,Tipo de desarrollo,Back-end
39,Asociado a...,Python
40,Competencia,BootStrap
40,Clasificación,Framework
40,Tipo de desarrollo,Front-end
40,Asociado a...,"HTML,CSS"
41,Competencia,Buffalo
41,Clasificación,Framework
41,Tipo de desarrollo,Back-end
41,Asociado a...,Golang
42,Competencia,Butterknife
42,Clasificación,Librería
42,Tipo de desarrollo,Back-end
42,Asociado a...,Kotlin
43,Competencia,C#
43,Clasificación,Lenguaje
43,Tipo de desarrollo,Back-end
44,Competencia,Chart.js
44,Clasificación,Librería
44,Tipo de desarrollo,Front-end
44,Asociado a...,JavaScript
45,Competencia,Code First
45,Clasificación,API
45,Especificación,Marco de trabajo API
46,Competencia,Codeigniter
46,Clasificación,Framework
46,Tipo de desarrollo,Back-end
46,Asociado a...,PHP
47,Competencia,Codemirror
47,Clasificación,Librería
47,Tipo de desarrollo,Front-end
47,Asociado a...,JavaScript
48,Competencia,Command
48,Clasificación,Patrones de diseño y Arquitectura del software
48,Especificación,Patrón de comportamiento
48,Tipo de desarrollo,Back-end
49,Competencia,Couchbase
49,Clasificación,Base de Datos
49,Especificación,Base de datos no relacional
49,Tipo de desarrollo,Back-end
49,Asociado a...,SQL
50,Competencia,CouchDB
50,Clasificación,Base de Datos
50,Especificación,Base de datos no relacional
50,Tipo de desarrollo,Back-end
50,Asociado a...,SQL
51,Competencia,Cramp
51,Clasificación,Framework
51,Tipo de desarrollo,Back-end
51,Asociado a...,Ruby
52,Competencia,Crashlytics
52,Clasificación,Librería
52,Tipo de desarrollo,Back-end
52,Asociado a...,Kotlin
53,Competencia,CSS
53,Roles,"Front-end Developer Junior,Back-end Developer Junior,Full-Stack Developer Junior"
53,Cursos,"Tailwind I,Tailwind II,Tailwind III"
53,Clasificación,Lenguaje
53,Tipo de desarrollo,Front-end
54,Competencia,Cuba
54,Clasificación,Framework
54,Tipo de desarrollo,Back-end
54,Asociado a...,Ruby
55,Competencia,Cucumber
55,Cursos,Testing con Gherkin & Cucumber
55,Clasificación,Testing
55,Especificación,Herramienta de testing
55,Tipo de desarrollo,Back-end
55,Asociado a...,Java
56,Competencia,Cypress
56,Roles,QA Tester
56,Cursos,Automatización de pruebas con Cypress
56,Clasificación,Testing
56,Especificación,Herramienta de testing
56,Tipo de desarrollo,Front-end
56,Asociado a...,JavaScript
57,Competencia,D3.js
57,Clasificación,Librería
57,Tipo de desarrollo,Front-end
57,Asociado a...,JavaScript
58,Competencia,Dagger
58,Clasificación,Librería
58,Tipo de desarrollo,Back-end
58,Asociado a...,Kotlin
59,Competencia,Data Wrangling
59,Clasificación,Proceso
59,Tipo de desarrollo,Back-end
59,Asociado a...,"Python,SQL"
60,Competencia,Datadog
60,Clasificación,Monitorización
61,Competencia,Daux.io
61,Clasificación,Librería
61,Tipo de desarrollo,Back-end
61,Asociado a...,PHP
62,Competencia,DB2
62,Clasificación,Base de Datos
62,Especificación,Base de datos relacional
62,Tipo de desarrollo,Back-end
62,Asociado a...,SQL
63,Competencia,Debbuging
63,Cursos,Software Debugging
63,Clasificación,Proceso
63,Tipo de desarrollo,Back-end
64,Competencia,Decorator
64,Clasificación,Patrones de diseño y Arquitectura del software
64,Especificación,Patrón estructural
64,Tipo de desarrollo,Back-end
65,Competencia,Deep Learning
65,Roles,Data Scientist
65,Especificación,Artificial Intelligence
65,Tipo de desarrollo,Back-end
66,Competencia,Deno
66,Cursos,Introducción a Deno
66,Clasificación,Programa
66,Tipo de desarrollo,Back-end
66,Asociado a...,"JavaScript,TypeScript"
67,Competencia,Design Systems
67,Cursos,"Design Systems I,Design Systems Parte II"
67,Especificación,Diseño UX/UI
67,Tipo de desarrollo,Front-end
68,Competencia,Django
68,Roles,Data Scientist
68,Clasificación,Framework
68,Tipo de desarrollo,Back-end
68,Asociado a...,Python
69,Competencia,Docker
69,Especificación,Contenedor
70,Competencia,Docker Swarm
70,Especificación,Plataforma de orquestación de contenedores
71,Competencia,Dompdf
71,Clasificación,Librería
71,Tipo de desarrollo,Back-end
71,Asociado a...,PHP
72,Competencia,Dragula
72,Clasificación,Librería Modular
72,Tipo de desarrollo,Front-end
72,Asociado a...,TypeScript
73,Competencia,DRY
73,Clasificación,Buena práctica
73,Especificación,Clean Code
74,Competencia,Dynatrace
74,Clasificación,Monitorización
75,Competencia,Eartho One
75,Clasificación,Librería Modular
75,Tipo de desarrollo,Front-end
75,Asociado a...,JavaScript
76,Competencia,Echo
76,Clasificación,Framework
76,Tipo de desarrollo,Back-end
76,Asociado a...,Golang
77,Competencia,Elasticsearch
77,Cursos,Monitorización con Elasticsearch
77,Clasificación,Motor de búsqueda
78,Competencia,Element Plus
78,Clasificación,Librería Modular
78,Tipo de desarrollo,Front-end
78,Asociado a...,JavaScript
79,Competencia,ELK Stack
79,Clasificación,Monitorización
80,Competencia,Ember.js
80,Clasificación,Framework
80,Tipo de desarrollo,Front-end
80,Asociado a...,JavaScript
81,Competencia,End to End
81,Roles,QA Tester
81,Clasificación,Testing
81,Especificación,Tipo de testing
81,Tipo de desarrollo,Front-end
82,Competencia,Entity
82,Clasificación,Framework
82,Tipo de desarrollo,Back-end
82,Asociado a...,C#
83,Competencia,Estadística
83,Cursos,Estadística Descriptiva y Estadística Inferencial
83,Clasificación,Matemáticas
83,Tipo de desarrollo,Back-end
83,Asociado a...,Python
84,Competencia,Estructura de datos
84,Cursos,Algoritmos y Estructuras de Datos
84,Clasificación,Base de Datos
84,Tipo de desarrollo,Back-end
85,Competencia,Excel
85,Clasificación,Software
85,Tipo de desarrollo,Back-end
86,Competencia,eXtreme Programming
86,Clasificación,Software
86,Tipo de desarrollo,Back-end
87,Competencia,Facade
87,Clasificación,Patrones de diseño y Arquitectura del software
87,Especificación,Patrón estructural
87,Tipo de desarrollo,Back-end
88,Competencia,Factory Method
88,Clasificación,Patrones de diseño y Arquitectura del software
88,Especificación,Patrón de creación
88,Tipo de desarrollo,Back-end
89,Competencia,Failover
89,Clasificación,Patrón de resiliencia
90,Competencia,FeatherJS
90,Clasificación,Framework
90,Tipo de desarrollo,Front-end
90,Asociado a...,TypeScript
91,Competencia,Fiber
91,Clasificación,Framework
91,Tipo de desarrollo,Back-end
91,Asociado a...,Golang
92,Competencia,Figma
92,Cursos,Figma
92,Clasificación,Programa
92,Especificación,Diseño UX/UI
92,Tipo de desarrollo,Front-end
93,Competencia,Flask
93,Clasificación,Framework
93,Tipo de desarrollo,Back-end
93,Asociado a...,Python
94,Competencia,Flexbox
94,Cursos,Track formativo en React con Material UI y TypeScript. Sesión II: Sistema Box y Grid
94,Clasificación,Framework
94,Tipo de desarrollo,Front-end
94,Asociado a...,"HTML,CSS"
95,Competencia,Flexbox Layout
95,Clasificación,Librería
95,Tipo de desarrollo,Back-end
95,Asociado a...,Kotlin
96,Competencia,Foundation
96,Clasificación,Framework
96,Tipo de desarrollo,Front-end
96,Asociado a...,"HTML,CSS"
97,Competencia,Funcionales
97,Roles,QA Tester
97,Clasificación,Testing
97,Especificación,Tipo de testing
98,Competencia,Gaelyk
98,Clasificación,Framework
98,Tipo de desarrollo,Back-end
98,Asociado a...,Groovy
99,Competencia,Gherkin
99,Cursos,Testing con Gherkin & Cucumber
99,Clasificación,Lenguaje
100,Competencia,Gin
100,Clasificación,Framework
100,Tipo de desarrollo,Back-end
100,Asociado a...,Golang
101,Competencia,GIT
101,Cursos,"Sistemas de Control de Versiones,Trabajo en equipo con Git"
101,Clasificación,Controlador de versiones
101,Tipo de desarrollo,"Back-end,Front-end"
102,Competencia,GitHub
102,Cursos,Gestión de Código con GitHub
102,Clasificación,Controlador de versiones
102,Tipo de desarrollo,"Back-end,Front-end"
103,Competencia,GitLab
103,Clasificación,Controlador de versiones
103,Tipo de desarrollo,"Back-end,Front-end"
104,Competencia,Glide
104,Clasificación,Librería
104,Tipo de desarrollo,Back-end
104,Asociado a...,Kotlin
105,Competencia,Golang
105,Clasificación,Lenguaje
105,Tipo de desarrollo,Back-end
106,Competencia,Google Cloud
106,Clasificación,Cloud
107,Competencia,Google Cloud Pub/Sub
107,Especificación,Broker de mensajería
108,Competencia,Gorilla
108,Clasificación,Framework
108,Tipo de desarrollo,Back-end
108,Asociado a...,Golang
109,Competencia,Grafana
109,Clasificación,Monitorización
110,Competencia,Grails
110,Clasificación,Framework
110,Tipo de desarrollo,Back-end
110,Asociado a...,Groovy
111,Competencia,GraphQL
111,Cursos,"GraphQL básico I,GraphQL básico II"
111,Clasificación,Lenguaje
111,Tipo de desarrollo,Back-end
112,Competencia,Grid
112,Cursos,Track formativo en React con Material UI y TypeScript. Sesión II: Sistema Box y Grid
112,Clasificación,Framework
112,Tipo de desarrollo,Front-end
112,Asociado a...,"HTML,CSS"
113,Competencia,Groovy
113,Clasificación,Lenguaje
113,Tipo de desarrollo,Back-end
114,Competencia,gRPC
114,Especificación,Protocolo de comunicación
115,Competencia,Gson
115,Clasificación,Librería
115,Tipo de desarrollo,Back-end
115,Asociado a...,Java
116,Competencia,Guava
116,Clasificación,Librería
116,Tipo de desarrollo,Back-end
116,Asociado a...,Java
117,Competencia,Gumby
117,Clasificación,Framework
117,Tipo de desarrollo,Front-end
117,Asociado a...,"HTML,CSS"
118,Competencia,Hammer.js
118,Clasificación,Librería
118,Tipo de desarrollo,Front-end
118,Asociado a...,JavaScript
119,Competencia,Hanami
119,Clasificación,Framework
119,Tipo de desarrollo,Back-end
119,Asociado a...,Ruby
120,Competencia,Hexagonal
120,Clasificación,Patrones de diseño y Arquitectura del software
120,Especificación,Patrón arquitectónico
120,Tipo de desarrollo,Back-end
121,Competencia,Hibernate
121,Clasificación,Framework
121,Tipo de desarrollo,Back-end
121,Asociado a...,Java
122,Competencia,Hipertable
122,Clasificación,Base de Datos
122,Especificación,Base de datos no relacional
122,Tipo de desarrollo,Back-end
122,Asociado a...,SQL
123,Competencia,HTML
123,Roles,"Front-end Developer Junior,Back-end Developer Junior,Full-Stack Developer Junior"
123,Clasificación,Lenguaje
123,Tipo de desarrollo,Front-end
124,Competencia,IBM Cloud
124,Clasificación,Cloud
125,Competencia,Imagine
125,Clasificación,Librería
125,Tipo de desarrollo,Back-end
125,Asociado a...,PHP
126,Competencia,Instaphp
126,Clasificación,Librería
126,Tipo de desarrollo,Back-end
126,Asociado a...,PHP
127,Competencia,Integración
127,Roles,QA Tester
127,Clasificación,Testing
127,Especificación,Tipo de testing
128,Competencia,Iris
128,Clasificación,Framework
128,Tipo de desarrollo,Back-end
128,Asociado a...,Golang
129,Competencia,Jackson
129,Clasificación,Librería
129,Tipo de desarrollo,Back-end
129,Asociado a...,Java
130,Competencia,Java
130,Roles,"Back-end Developer Junior,Full-Stack Developer Junior"
130,Clasificación,Lenguaje
130,Tipo de desarrollo,Back-end
131,Competencia,JavaScript
131,Roles,"Front-end Developer Junior,Back-end Developer Junior,Full-Stack Developer Junior"
131,Cursos,Scrapy con Javascript (Puppeteer)
131,Clasificación,Lenguaje
131,Tipo de desarrollo,"Back-end,Front-end"
132,Competencia,Jenkins
132,Clasificación,CI/CD
133,Competencia,Jest
133,Roles,QA Tester
133,Clasificación,Testing
133,Especificación,Herramienta de testing
133,Tipo de desarrollo,Front-end
133,Asociado a...,JavaScript
134,Competencia,Jira
134,Clasificación,Software
134,Especificación,Gestión de proyectos
134,Asociado a...,Java
135,Competencia,JMeter
135,Roles,QA Tester
135,Clasificación,Testing
135,Especificación,Herramienta de testing
135,Tipo de desarrollo,Back-end
136,Competencia,jQuery
136,Clasificación,Librería
136,Tipo de desarrollo,Front-end
136,Asociado a...,JavaScript
137,Competencia,JSON
137,Clasificación,API
137,Especificación,Tipo de API
138,Competencia,Junit
138,Roles,QA Tester
138,Clasificación,Testing
138,Especificación,Herramienta de testing
138,Tipo de desarrollo,Back-end
138,Asociado a...,Java
139,Competencia,Kafka
139,Especificación,Broker de mensajería
140,Competencia,Kanban
140,Clasificación,Marco de trabajo
140,Especificación,Metodología ágil
141,Competencia,Kickstart
141,Clasificación,Framework
141,Tipo de desarrollo,Front-end
141,Asociado a...,"HTML,CSS"
142,Competencia,KISS
142,Clasificación,Buena práctica
142,Especificación,Clean Code
143,Competencia,Koin
143,Clasificación,Librería
143,Tipo de desarrollo,Back-end
143,Asociado a...,Kotlin
144,Competencia,Kotlin
144,Clasificación,Lenguaje
144,Tipo de desarrollo,Back-end
145,Competencia,Ktor
145,Clasificación,Framework
145,Tipo de desarrollo,Back-end
145,Asociado a...,Kotlin
146,Competencia,Kubernetes
146,Especificación,Plataforma de orquestación de contenedores
147,Competencia,Laravel
147,Clasificación,Framework
147,Tipo de desarrollo,Back-end
147,Asociado a...,PHP
148,Competencia,Latitude
148,Clasificación,Librería
148,Tipo de desarrollo,Back-end
148,Asociado a...,PHP
149,Competencia,LeakCanary
149,Clasificación,Librería
149,Tipo de desarrollo,Back-end
149,Asociado a...,Kotlin
150,Competencia,Less
150,Clasificación,Framework
150,Tipo de desarrollo,Front-end
150,Asociado a...,"HTML,CSS"
151,Competencia,Linux
151,Clasificación,Sistema Operativo
152,Competencia,Log4j2
152,Clasificación,Librería
152,Tipo de desarrollo,Back-end
152,Asociado a...,Java
153,Competencia,LoopbackJS
153,Clasificación,Framework
153,Tipo de desarrollo,Front-end
153,Asociado a...,TypeScript
154,Competencia,Lottie
154,Clasificación,Librería
154,Tipo de desarrollo,Back-end
154,Asociado a...,Kotlin
155,Competencia,Lotus
155,Clasificación,Framework
155,Tipo de desarrollo,Back-end
155,Asociado a...,Ruby
156,Competencia,LXC/LCD
156,Especificación,Contenedor
157,Competencia,Machine Learning
157,Roles,"Data Scientist,Data Scientist Junior"
157,Cursos,"Métricas de Evaluación,Resolución del reto de predicción de impago con Machine Learning,""Presentación del reto """"Uso de Machine Learning para predecir el impago"""""",Aprendizaje supervisado y No supervisado,MLOps en la nube,""ChatGPT: IA a la disposición del desarrollo, como sacar provecho y estar preparados para el futuro."""
157,Especificación,Artificial Intelligence
157,Tipo de desarrollo,Back-end
158,Competencia,Machine Learning Debugging
158,Especificación,Artificial Intelligence
158,Tipo de desarrollo,Back-end
159,Competencia,Mango
159,Clasificación,Framework
159,Tipo de desarrollo,Back-end
159,Asociado a...,Golang
160,Competencia,MariaDB
160,Clasificación,Base de Datos
160,Especificación,Base de datos relacional
160,Tipo de desarrollo,Back-end
160,Asociado a...,SQL
161,Competencia,Markdown
161,Cursos,Clean Code para Data Scientist II
161,Clasificación,Lenguaje
161,Tipo de desarrollo,Front-end
162,Competencia,Martini
162,Clasificación,Framework
162,Tipo de desarrollo,Back-end
162,Asociado a...,Golang
163,Competencia,Material UI
163,Cursos,Track formativo en React con Material UI y TypeScript. Sesión III: Estilos de MUI
163,Clasificación,Librería Modular
163,Tipo de desarrollo,Front-end
163,Asociado a...,JavaScript
164,Competencia,Materialize
164,Clasificación,Framework
164,Tipo de desarrollo,Front-end
164,Asociado a...,"HTML,CSS"
165,Competencia,MaterialToast
165,Clasificación,Librería
165,Tipo de desarrollo,Back-end
165,Asociado a...,Kotlin
166,Competencia,MathJS
166,Clasificación,Librería
166,Tipo de desarrollo,Front-end
166,Asociado a...,JavaScript
167,Competencia,MATLAB
167,Clasificación,Lenguaje
167,Tipo de desarrollo,Back-end
168,Competencia,Matplotlib
168,Roles,Data Scientist
168,Clasificación,Librería
168,Tipo de desarrollo,Back-end
168,Asociado a...,Python
169,Competencia,Mercurial
169,Clasificación,Controlador de versiones
169,Tipo de desarrollo,"Back-end,Front-end"
170,Competencia,Mercury.js
170,Clasificación,Framework
170,Tipo de desarrollo,Front-end
170,Asociado a...,JavaScript
171,Competencia,Micronaut
171,Clasificación,Framework
171,Tipo de desarrollo,Back-end
171,Asociado a...,Kotlin
172,Competencia,Microservicios
172,Clasificación,Patrones de diseño y Arquitectura del software
172,Especificación,Patrón arquitectónico
172,Tipo de desarrollo,Back-end
173,Competencia,Microsoft SQL Server
173,Clasificación,Base de Datos
173,Especificación,Base de datos relacional
173,Tipo de desarrollo,Back-end
173,Asociado a...,SQL
174,Competencia,Mocha
174,Roles,QA Tester
174,Clasificación,Testing
174,Especificación,Herramienta de testing
174,Tipo de desarrollo,Front-end
174,Asociado a...,JavaScript
175,Competencia,Mockito
175,Roles,QA Tester
175,Clasificación,Testing
175,Especificación,Herramienta de testing
175,Tipo de desarrollo,Back-end
175,Asociado a...,Java
176,Competencia,Modelo-Vista-Controlador (MVC)
176,Clasificación,Patrones de diseño y Arquitectura del software
176,Especificación,Patrón arquitectónico
176,Tipo de desarrollo,Back-end
177,Competencia,Moment.js
177,Clasificación,Librería
177,Tipo de desarrollo,Front-end
177,Asociado a...,JavaScript
178,Competencia,MongoDB
178,Clasificación,Base de Datos
178,Especificación,Base de datos no relacional
178,Tipo de desarrollo,Back-end
178,Asociado a...,SQL
179,Competencia,Montage
179,Clasificación,Framework
179,Tipo de desarrollo,Front-end
179,Asociado a...,"HTML,CSS"
180,Competencia,MPAndroidChart
180,Clasificación,Librería
180,Tipo de desarrollo,Back-end
180,Asociado a...,Kotlin
181,Competencia,MySQL
181,Cursos,Administración de MySQL
181,Clasificación,Base de Datos
181,Especificación,Base de datos relacional
181,Tipo de desarrollo,Back-end
181,Asociado a...,SQL
182,Competencia,Nagios
182,Clasificación,Monitorización
183,Competencia,Neo4j
183,Clasificación,Base de Datos
183,Especificación,Base de datos no relacional
183,Tipo de desarrollo,Back-end
183,Asociado a...,SQL
184,Competencia,NestJS
184,Clasificación,Framework
184,Tipo de desarrollo,Back-end
184,Asociado a...,"JavaScript,TypeScript"
185,Competencia,NewRelic
185,Clasificación,Monitorización
186,Competencia,Next.js
186,Clasificación,Framework
186,Tipo de desarrollo,Back-end
186,Asociado a...,"JavaScript,TypeScript"
187,Competencia,NG animate
187,Clasificación,Librería Modular
187,Tipo de desarrollo,Front-end
187,Asociado a...,TypeScript
188,Competencia,NG Bootstrap
188,Clasificación,Librería Modular
188,Tipo de desarrollo,Front-end
188,Asociado a...,TypeScript
189,Competencia,NgRx
189,Clasificación,Librería Modular
189,Tipo de desarrollo,Front-end
189,Asociado a...,TypeScript
190,Competencia,NGX Admin
190,Clasificación,Librería Modular
190,Tipo de desarrollo,Front-end
190,Asociado a...,TypeScript
191,Competencia,NGX Charts
191,Clasificación,Librería Modular
191,Tipo de desarrollo,Front-end
191,Asociado a...,TypeScript
192,Competencia,NGX Cookie
192,Clasificación,Librería Modular
192,Tipo de desarrollo,Front-end
192,Asociado a...,TypeScript
193,Competencia,Node
193,Roles,"Back-end Developer Junior,Full-Stack Developer Junior"
193,Cursos,Diseño y planificación de tests en una aplicación de NodeJS
193,Clasificación,Software
193,Tipo de desarrollo,Back-end
193,Asociado a...,JavaScript
194,Competencia,Nomad
194,Especificación,Plataforma de orquestación de contenedores
195,Competencia,Numpy
195,Roles,"Data Scientist,Data Scientist Junior"
195,Clasificación,Librería
195,Tipo de desarrollo,Back-end
195,Asociado a...,Python
196,Competencia,Oauth 2.0 Server
196,Clasificación,Librería
196,Tipo de desarrollo,Back-end
196,Asociado a...,PHP
197,Competencia,ObjectBox
197,Clasificación,Librería
197,Tipo de desarrollo,Back-end
197,Asociado a...,Kotlin
198,Competencia,Observer
198,Clasificación,Patrones de diseño y Arquitectura del software
198,Especificación,Patrón de comportamiento
198,Tipo de desarrollo,Back-end
199,Competencia,OneSignal
199,Clasificación,Librería
199,Tipo de desarrollo,Back-end
199,Asociado a...,Kotlin
200,Competencia,OpenStack
200,Clasificación,Cloud
201,Competencia,Oracle
201,Clasificación,Base de Datos
201,Especificación,Base de datos relacional
201,Tipo de desarrollo,Back-end
201,Asociado a...,SQL
202,Competencia,Oracle Cloud
202,Clasificación,Cloud
203,Competencia,Pandas
203,Clasificación,Librería
203,Tipo de desarrollo,Back-end
203,Asociado a...,Python
204,Competencia,Partitioning
204,Clasificación,Patrón de resiliencia
205,Competencia,PHP
205,Clasificación,Lenguaje
205,Tipo de desarrollo,Back-end
206,Competencia,PHP VCR
206,Clasificación,Librería
206,Tipo de desarrollo,Back-end
206,Asociado a...,PHP
207,Competencia,PHPExcel
207,Clasificación,Librería
207,Tipo de desarrollo,Back-end
207,Asociado a...,PHP
208,Competencia,PHPUnit
208,Roles,QA Tester
208,Clasificación,Testing
208,Especificación,Herramienta de testing
208,Tipo de desarrollo,Back-end
208,Asociado a...,PHP
209,Competencia,Playwright
209,Roles,QA Tester
209,Clasificación,Testing
209,Especificación,Herramienta de testing
209,Tipo de desarrollo,Front-end
210,Competencia,Podman
210,Especificación,Contenedor
211,Competencia,PostgreSQL
211,Clasificación,Base de Datos
211,Especificación,Base de datos relacional
211,Tipo de desarrollo,Back-end
211,Asociado a...,SQL
212,Competencia,Power BI
212,Roles,"Data Scientist,Data Scientist Junior"
212,Clasificación,Software
212,Especificación,Business Intelligence
212,Tipo de desarrollo,"Back-end,Front-end"
213,Competencia,PrimeNG
213,Clasificación,Librería Modular
213,Tipo de desarrollo,Front-end
213,Asociado a...,TypeScript
214,Competencia,Prisma
214,Clasificación,Librería
214,Especificación,ORM
214,Tipo de desarrollo,Back-end
214,Asociado a...,"JavaScript,TypeScript"
215,Competencia,Probabilidad
215,Clasificación,Matemáticas
215,Tipo de desarrollo,Back-end
215,Asociado a...,Python
216,Competencia,Prometheus
216,Clasificación,Monitorización
217,Competencia,Protocol Buffers
217,Especificación,Protocolo de comunicación
218,Competencia,Purl
218,Clasificación,Librería
218,Tipo de desarrollo,Back-end
218,Asociado a...,PHP
219,Competencia,Pyramid
219,Clasificación,Framework
219,Tipo de desarrollo,Back-end
219,Asociado a...,Python
220,Competencia,Python
220,Roles,"Data Analyst,Data Scientist,Data Scientist Junior"
220,Cursos,"Introducción a Python,Clean Code para Data Scientist I,Clean Code para Data Scientist II,Python I: Caso práctico estructuras de control de flujo"
220,Clasificación,Lenguaje
220,Tipo de desarrollo,Back-end
221,Competencia,PyTorch
221,Clasificación,Librería
221,Tipo de desarrollo,Back-end
221,Asociado a...,Python
222,Competencia,Quasar
222,Clasificación,Librería Modular
222,Tipo de desarrollo,Front-end
222,Asociado a...,JavaScript
223,Competencia,QuestDB
223,Clasificación,Base de Datos
223,Especificación,Base de datos relacional
223,Tipo de desarrollo,Back-end
223,Asociado a...,SQL
224,Competencia,RabbitMQ
224,Especificación,Broker de mensajería
225,Competencia,Rack
225,Clasificación,Programa
225,Tipo de desarrollo,Back-end
225,Asociado a...,Ruby
226,Competencia,Ramda
226,Clasificación,Librería
226,Tipo de desarrollo,Front-end
226,Asociado a...,JavaScript
227,Competencia,Ratpack
227,Clasificación,Framework
227,Tipo de desarrollo,Back-end
227,Asociado a...,Groovy
228,Competencia,React Native
228,Clasificación,Framework
228,Especificación,Diseño UX/UI
228,Tipo de desarrollo,Front-end
228,Asociado a...,JavaScript
229,Competencia,React Router DOM
229,Clasificación,Librería Modular
229,Tipo de desarrollo,Front-end
229,Asociado a...,JavaScript
230,Competencia,React Testing Library
230,Roles,QA Tester
230,Clasificación,Testing
230,Especificación,Herramienta de testing
230,Tipo de desarrollo,Front-end
230,Asociado a...,JavaScript
231,Competencia,ReactJS
231,Roles,"Front-end Developer Junior,Full-Stack Developer Junior"
231,Cursos,"Track formativo en React con Material UI y TypeScript. Sesión I: Introducción a Material UI.,Track formativo en React con Material UI y TypeScript. Sesión III: Estilos de MUI,Track formativo en React con Material UI y TypeScript. Sesión II: Sistema Box y Grid,Track formativo en React con Material UI y TypeScript. Sesión IV: Theme & Context: Dark Mode"
231,Clasificación,Framework
231,Tipo de desarrollo,Front-end
231,Asociado a...,JavaScript
232,Competencia,Realms
232,Clasificación,Librería
232,Tipo de desarrollo,Back-end
232,Asociado a...,Kotlin
233,Competencia,Redis
233,Clasificación,Base de Datos
233,Especificación,Base de datos no relacional
233,Tipo de desarrollo,Back-end
233,Asociado a...,SQL
234,Competencia,Redux
234,Clasificación,Librería Modular
234,Tipo de desarrollo,Front-end
234,Asociado a...,JavaScript
235,Competencia,Regresión
235,Roles,QA Tester
235,Cursos,Regresión Lineal
235,Clasificación,Testing
235,Especificación,Tipo de testing
236,Competencia,Rendimiento o carga
236,Roles,QA Tester
236,Clasificación,Testing
236,Especificación,Tipo de testing
236,Tipo de desarrollo,Back-end
237,Competencia,Replicación
237,Clasificación,Patrón de resiliencia
238,Competencia,Requery
238,Clasificación,Librería
238,Tipo de desarrollo,Back-end
238,Asociado a...,Kotlin
239,Competencia,REST
239,Especificación,Protocolo de comunicación
240,Competencia,RESTFull
240,Clasificación,API
240,Especificación,Tipo de API
241,Competencia,Revel
241,Clasificación,Framework
241,Tipo de desarrollo,Back-end
241,Asociado a...,Golang
242,Competencia,Riak
242,Clasificación,Base de Datos
242,Especificación,Base de datos no relacional
242,Tipo de desarrollo,Back-end
242,Asociado a...,SQL
243,Competencia,RKT
243,Especificación,Contenedor
244,Competencia,Room
244,Clasificación,Librería
244,Tipo de desarrollo,Back-end
244,Asociado a...,Kotlin
245,Competencia,Ruby
245,Clasificación,Lenguaje
245,Tipo de desarrollo,Back-end
246,Competencia,Ruby on Rails
246,Clasificación,Framework
246,Tipo de desarrollo,Back-end
246,Asociado a...,Ruby
247,Competencia,RxJava
247,Clasificación,Librería
247,Tipo de desarrollo,Back-end
247,Asociado a...,"Kotlin,Java"
248,Competencia,SASS
248,Clasificación,Framework
248,Tipo de desarrollo,Front-end
248,Asociado a...,"HTML,CSS"
249,Competencia,Scikit-learn
249,Clasificación,Librería
249,Tipo de desarrollo,Back-end
249,Asociado a...,Python
250,Competencia,Scrum
250,Cursos,Introducción a Agile
250,Clasificación,Marco de trabajo
250,Especificación,Metodología ágil
251,Competencia,Seaborn
251,Roles,Data Scientist
251,Clasificación,Librería
251,Tipo de desarrollo,Back-end
251,Asociado a...,Python
252,Competencia,Selenium
252,Roles,QA Tester
252,Cursos,Testing con Selenium
252,Clasificación,Testing
252,Especificación,Herramienta de testing
252,Tipo de desarrollo,Back-end
252,Asociado a...,Python
253,Competencia,Serverless
253,Cursos,Revolución Serverless: AWS
253,Clasificación,Framework
253,Tipo de desarrollo,Back-end
254,Competencia,Shimmer
254,Clasificación,Librería
254,Tipo de desarrollo,Back-end
254,Asociado a...,Kotlin
255,Competencia,Simulink
255,Clasificación,Programa
255,Tipo de desarrollo,Back-end
255,Asociado a...,MATLAB
256,Competencia,Sinatra
256,Clasificación,Librería
256,Tipo de desarrollo,Back-end
256,Asociado a...,Ruby
257,Competencia,Singleton
257,Clasificación,Patrones de diseño y Arquitectura del software
257,Especificación,Patrón de creación
257,Tipo de desarrollo,Back-end
258,Competencia,Skeleton
258,Clasificación,Framework
258,Tipo de desarrollo,Front-end
258,Asociado a...,"HTML,CSS"
259,Competencia,SLF4J
259,Clasificación,Librería
259,Tipo de desarrollo,Back-end
259,Asociado a...,Java
260,Competencia,SOAP
260,Especificación,Protocolo de comunicación
261,Competencia,Socket.IO
261,Cursos,Desarrollo de un chat con Socket.io
261,Clasificación,Librería
261,Tipo de desarrollo,Front-end
261,Asociado a...,JavaScript
262,Competencia,SOLID
262,Clasificación,Buena práctica
262,Especificación,Clean Code
263,Competencia,Sonar
263,Roles,QA Tester
263,Clasificación,Testing
263,Especificación,Herramienta de testing
263,Tipo de desarrollo,"Back-end,Front-end"
263,Asociado a...,"JavaScript,Java"
264,Competencia,Spark
264,Clasificación,Framework
264,Tipo de desarrollo,Back-end
264,Asociado a...,Kotlin
265,Competencia,Spring
265,Clasificación,Framework
265,Tipo de desarrollo,Back-end
265,Asociado a...,"Kotlin,Java,Groovy"
266,Competencia,Spring Boot
266,Clasificación,Librería Modular
266,Tipo de desarrollo,Back-end
266,Asociado a...,"Kotlin,Java,Groovy"
267,Competencia,Spring Cloud
267,Clasificación,Librería Modular
267,Tipo de desarrollo,Back-end
267,Asociado a...,"Kotlin,Java,Groovy"
268,Competencia,Spring Data
268,Clasificación,Librería Modular
268,Tipo de desarrollo,Back-end
268,Asociado a...,"Kotlin,Java,Groovy"
269,Competencia,Spring MVC
269,Clasificación,Librería Modular
269,Tipo de desarrollo,Back-end
269,Asociado a...,"Kotlin,Java,Groovy"
270,Competencia,Spring Security
270,Clasificación,Librería Modular
270,Tipo de desarrollo,Back-end
270,Asociado a...,"Kotlin,Java,Groovy"
271,Competencia,Spring web flux
271,Clasificación,Librería Modular
271,Tipo de desarrollo,Back-end
271,Asociado a...,"Kotlin,Java,Groovy"
272,Competencia,SproutCore
272,Clasificación,Framework
272,Tipo de desarrollo,Front-end
272,Asociado a...,"HTML,CSS"
273,Competencia,SQL
273,Roles,"Back-end Developer Junior,Full-Stack Developer Junior,Data Analyst,Data Scientist,Data Scientist Junior"
273,Clasificación,Lenguaje
273,Tipo de desarrollo,Back-end
274,Competencia,Stetho
274,Clasificación,Librería
274,Tipo de desarrollo,Back-end
274,Asociado a...,Kotlin
275,Competencia,Strategy
275,Clasificación,Patrones de diseño y Arquitectura del software
275,Especificación,Patrón de comportamiento
275,Tipo de desarrollo,Back-end
276,Competencia,Streamlit
276,Roles,"Data Scientist,Data Scientist Junior"
276,Especificación,Business Intelligence
277,Competencia,Struts
277,Clasificación,Framework
277,Tipo de desarrollo,Back-end
277,Asociado a...,Java
278,Competencia,Svelte
278,Clasificación,Framework
278,Tipo de desarrollo,Front-end
278,Asociado a...,JavaScript
279,Competencia,SVN
279,Clasificación,Controlador de versiones
279,Tipo de desarrollo,"Back-end,Front-end"
280,Competencia,Symfony
280,Clasificación,Framework
280,Tipo de desarrollo,Back-end
280,Asociado a...,PHP
281,Competencia,Tableau
281,Roles,Data Analyst
281,Clasificación,Software
281,Especificación,Business Intelligence
281,Tipo de desarrollo,"Back-end,Front-end"
282,Competencia,TDD
282,Roles,QA Tester
282,Clasificación,Testing
282,Especificación,Tipo de testing
282,Tipo de desarrollo,Front-end
283,Competencia,TeamCity
283,Clasificación,CI/CD
284,Competencia,TensorFlow
284,Clasificación,Librería
284,Tipo de desarrollo,Back-end
284,Asociado a...,Python
285,Competencia,Thrift
285,Especificación,Protocolo de comunicación
286,Competencia,Timeouts
286,Clasificación,Patrón de resiliencia
287,Competencia,Travis
287,Clasificación,CI/CD
288,Competencia,TypeScript
288,Cursos,"Track formativo en React con Material UI y TypeScript. Sesión I: Introducción a Material UI.,Track formativo en React con Material UI y TypeScript. Sesión III: Estilos de MUI,Track formativo en React con Material UI y TypeScript. Sesión II: Sistema Box y Grid,Typescript I,Track formativo en React con Material UI y TypeScript. Sesión IV: Theme & Context: Dark Mode,Typescript II"
288,Clasificación,Lenguaje
288,Tipo de desarrollo,Front-end
289,Competencia,Unified Modeling Language
289,Clasificación,Lenguaje
289,Tipo de desarrollo,Back-end
290,Competencia,Unitarios
290,Roles,QA Tester
290,Clasificación,Testing
290,Especificación,Tipo de testing
291,Competencia,Unity
292,Competencia,Vert.x
292,Clasificación,Framework
292,Tipo de desarrollo,Back-end
292,Asociado a...,Kotlin
293,Competencia,Volt
293,Clasificación,Framework
293,Tipo de desarrollo,Back-end
293,Asociado a...,Ruby
294,Competencia,VueJS
294,Cursos,"Vue en el mundo real,Vue en el mundo real (parte 2)"
294,Clasificación,Framework
294,Tipo de desarrollo,Front-end
294,Asociado a...,JavaScript
295,Competencia,Vuetify
295,Clasificación,Librería Modular
295,Tipo de desarrollo,Front-end
295,Asociado a...,JavaScript
296,Competencia,Xamarin
296,Clasificación,Framework
296,Tipo de desarrollo,Back-end
296,Asociado a...,C#
297,Competencia,XML
297,Clasificación,API
297,Especificación,Tipo de API
298,Competencia,YAGNI
298,Clasificación,Buena práctica
298,Especificación,Clean Code
299,Competencia,Zabbix
299,Clasificación,Monitorización
300,Competencia,Zebra
300,Clasificación,Framework
300,Tipo de desarrollo,Front-end
300,Asociado a...,"HTML,CSS"
301,Competencia,Zend
301,Clasificación,Framework
301,Tipo de desarrollo,Back-end
301,Asociado a...,PHP
